customer_id,price,discount,total_spend,purchase_count,basket_value,loyalty_flag
1,1601.41,0.06,9331.89,6,1654.59,1
2,1502.27,0.07,9753.78,6,1747.99,1
3,776.87,0.3,2559.82,4,914.22,0
4,1525.75,0.01,6236.26,5,1259.85,1
5,1153.69,0.22,3458.96,4,1108.64,0
6,941.73,0.15,3887.32,6,762.22,0
7,606.24,0.2,1807.58,4,564.87,0
8,1119.33,0.23,3498.39,4,1135.84,0
9,1196.33,0.13,10906.49,9,1392.91,1
10,1676.2,0.12,5038.6,3,1908.56,0
11,1487.17,0.29,4492.81,5,1265.58,0
12,1025.13,0.35,2789.31,5,858.25,0
13,1316.8,0.08,7528.29,6,1363.82,1
14,1447.87,0.04,7039.06,5,1466.47,1
15,1225.79,0.36,7111.94,10,1111.24,0
16,1023.85,0.14,2042.4,2,1187.44,0
17,1040.35,0.22,4750.94,5,1218.19,0
18,1315.64,0.14,4349.5,4,1264.39,0
19,1323.89,0.05,15994.56,11,1530.58,1
20,1112.11,0.24,4029.86,5,1060.49,0
21,414.25,0.21,1433.03,4,453.49,0
22,812.84,0.08,6665.57,9,805.02,1
23,1385.91,0.18,3859.51,4,1176.68,0
24,560.75,0.32,2679.5,6,656.74,0
25,1555.25,0.24,9282.28,8,1526.69,1
26,1510.85,0.04,4759.37,3,1652.56,0
27,1212.33,0.22,3581.51,4,1147.92,0
28,1379.38,0.28,4812.13,6,1113.92,0
29,1358.63,0.32,6209.98,8,1141.54,0
30,1164.94,0.25,8723.85,10,1163.18,0
31,787.83,0.06,3187.31,4,847.69,0
32,1490.18,0.28,2004,2,1391.67,0
33,1622.17,0.27,7660.71,6,1749.02,0
34,837.42,0.01,6264.44,7,903.96,1
35,776.62,0.16,6350.17,9,839.97,1
36,1158.96,0.13,3015.83,3,1155.49,0
37,1012.13,0.27,5168.84,6,1180.1,0
38,1243.48,0.09,10140.12,9,1238.11,1
39,1562.4,0.24,8146.62,7,1531.32,1
40,526.3,0.37,3500.36,12,463.01,0
41,1674.38,0.32,8407.85,8,1545.56,0
42,1078,0.37,2219.24,4,880.65,0
43,1353.53,0.39,869.76,1,1425.83,0
44,1385.62,0,7477.5,6,1246.25,1
45,1420.6,0.25,1963.96,2,1309.31,0
46,1218.57,0.17,10088.76,9,1350.57,1
47,1288.67,0.34,3958.71,5,1199.61,0
48,1286.71,0.1,7270.33,7,1154.02,1
49,1010.92,0.39,3210.19,6,877.1,0
50,672.58,0.25,1119.8,2,746.53,0
51,834.24,0.32,2899.53,6,710.67,0
52,1168.73,0.03,5563.48,5,1147.11,1
53,963.96,0.07,4494.83,5,966.63,0
54,964.65,0.3,3629.36,5,1036.96,0
55,1739.78,0.01,14513.64,8,1832.53,1
56,1457.67,0.33,1098.02,1,1638.84,0
57,1124.38,0.01,2731.3,3,919.63,0
58,1401.61,0.26,3810.97,4,1287.49,0
59,1073.92,0.15,9158.04,11,979.47,1
60,1233.22,0.24,7240.82,9,1058.6,1
61,1332.49,0.28,3513.95,4,1220.12,0
62,1074.72,0.14,6831.43,8,992.94,1
63,994.42,0.04,6740.97,7,1003.12,1
64,1567.18,0.03,8098.53,5,1669.8,1
65,1384.23,0.24,5009.92,5,1318.4,0
66,523.62,0.21,2249.88,5,569.59,0
67,999.56,0.3,5884.51,9,934.05,0
68,965.62,0.2,2123.09,3,884.62,0
69,1013.66,0.17,2565.6,3,1030.36,0
70,1458.72,0.16,8926.92,9,1180.81,1
71,1205.76,0.01,4965.3,5,1003.09,0
72,783.11,0.13,5930.52,9,757.41,1
73,1085.04,0.39,5453.94,7,1277.27,0
74,1362.52,0.35,6748.79,7,1483.25,0
75,1134.11,0.13,9065.37,11,947.27,1
76,1006.6,0.24,3483.96,4,1146.04,0
77,1299.37,0.34,7498.18,8,1420.11,0
78,1685.46,0.18,17320.96,12,1760.26,1
79,1338.43,0.01,8968.87,6,1509.91,1
80,1590.28,0.03,11867.21,8,1529.28,1
81,1026.72,0.2,3649.36,5,912.34,0
82,1197.49,0.39,5871.86,8,1203.25,0
83,1191.43,0.28,7871.32,9,1214.71,0
84,1235.6,0.03,4867.62,4,1254.54,0
85,1332.16,0.08,3772.48,3,1366.84,0
86,924.31,0.31,4513.47,6,1090.21,0
87,1394.2,0.34,2136.45,2,1618.52,0
88,711.63,0.25,1227.87,2,818.58,0
89,799.27,0.26,3313.87,5,895.64,0
90,1840.69,0.01,10727.54,5,2167.18,1
91,1046.96,0.33,2944.05,5,878.82,0
92,1418.86,0.32,4370.9,5,1285.56,0
93,1709.49,0.1,9212.99,6,1706.11,1
94,505.66,0.28,1658.16,4,575.75,0
95,1537.87,0.09,5609.42,4,1541.05,0
96,1394.68,0.02,12019.11,8,1533.05,1
97,1692.12,0.08,6659.65,5,1447.75,1
98,845.54,0.07,2833.9,4,761.8,0
99,1635.38,0.14,4610.46,3,1787,0
100,978.18,0.17,4218.06,6,847,0
101,1516.43,0.2,10269.14,9,1426.27,1
102,1189.19,0.19,5235.87,6,1077.34,1
103,1431.23,0.11,4789.2,4,1345.28,0
104,1214.66,0.01,5210.88,4,1315.88,0
105,648.18,0.24,2799.48,6,613.92,0
106,263.84,0.16,2265.23,10,269.67,0
107,1262.97,0.12,5601.34,6,1060.86,1
108,1120.88,0.35,4904.8,6,1257.64,0
109,1319.47,0.3,7004.48,8,1250.8,0
110,1124.35,0.34,6289.27,8,1191.15,0
111,1805.42,0.2,11021.86,7,1968.19,1
112,1269.16,0.05,5328.41,5,1121.77,1
113,1065.92,0.28,4427.75,5,1229.93,0
114,1301.21,0.08,10022.11,8,1361.7,1
115,1071.4,0.18,5974.48,7,1040.85,1
116,1227.88,0.03,6238.23,6,1071.86,1
117,834.76,0.33,7240.66,11,982.45,0
118,1197.42,0.05,10028.88,8,1319.59,1
119,1056.64,0.36,1194.53,2,933.23,0
120,863.18,0.35,4197.18,8,807.15,0
121,1792.72,0.19,6527.89,4,2014.78,0
122,874.88,0.3,2641.41,4,943.36,0
123,1202.09,0.25,4987.09,5,1329.89,0
124,959.16,0.32,4458.22,7,936.6,0
125,1289.11,0.17,3487.82,3,1400.73,0
126,817.68,0.31,2692.93,5,780.56,0
127,1452.11,0.18,6319.25,6,1284.4,1
128,1810.85,0.38,3546.93,3,1906.95,0
129,948.14,0.19,3656.89,4,1128.67,0
130,1565.09,0.19,2343.36,2,1446.52,0
131,1085.44,0.31,2949.03,4,1068.49,0
132,1651.74,0.33,8285.82,7,1766.7,0
133,1856.55,0.22,2944.3,2,1887.37,0
134,1129.89,0.07,2390.29,2,1285.1,0
135,743.92,0.19,5325.33,8,821.81,1
136,1484.43,0.39,5218.62,7,1222.16,0
137,1267.33,0.3,6384,6,1520,0
138,1350.54,0.32,7077.6,7,1486.89,0
139,1098.05,0.01,3735.9,3,1257.88,0
140,934.65,0.19,4817.13,6,991.18,0
141,1548.1,0.26,10470.88,8,1768.73,0
142,1295.94,0.33,2200.97,3,1095.01,0
143,766.93,0.02,3529.08,5,720.22,0
144,1406.06,0.34,8541.83,8,1617.77,0
145,1345.85,0.22,2773.46,3,1185.24,0
146,1102.41,0.08,4215.58,5,916.43,0
147,1685.94,0.13,14722.28,9,1880.24,1
148,1014.55,0.11,5120.62,5,1150.7,1
149,1149.3,0.21,7068.83,9,994.21,1
150,1430.59,0.02,9604.16,6,1633.36,1
151,1223.03,0.06,9884.29,8,1314.4,1
152,784.67,0.33,3179.7,6,790.97,0
153,1255.14,0.05,4049.68,3,1420.94,0
154,1075.68,0.09,4736.28,5,1040.94,0
155,1457.1,0.18,4194.3,4,1278.75,0
156,1245.37,0.21,6294.19,7,1138.19,1
157,1228.35,0.31,8493.14,10,1230.89,0
158,885.52,0.18,2940.91,4,896.62,0
159,1130.99,0.32,863.08,1,1269.23,0
160,1491.03,0.25,8740.2,7,1664.8,0
161,967.04,0.05,8537.26,9,998.51,1
162,1190.23,0.06,6222.38,5,1323.91,1
163,919.07,0.17,4681.47,7,805.76,0
164,844.85,0.16,3491.71,6,692.8,0
165,1174.54,0.3,5670.34,6,1350.08,0
166,1252.14,0.23,7204.08,9,1039.55,1
167,1798.16,0.16,6787.03,5,1615.96,1
168,1063.36,0.07,10661.89,10,1146.44,1
169,1184.95,0.09,12470.97,12,1142.03,1
170,824.98,0.23,5115.97,7,949.16,1
171,1383.67,0.17,1055.64,1,1271.86,0
172,1319.43,0.21,6710.64,8,1061.81,1
173,1646.52,0.07,11273.31,8,1515.23,1
174,1533.49,0.27,5772.04,5,1581.38,0
175,1305.42,0.34,5731.76,7,1240.64,0
176,1058.98,0.1,3865.5,4,1073.75,0
177,1261.4,0.2,8127.95,7,1451.42,1
178,1166.7,0.39,3316.45,4,1359.2,0
179,1486.02,0.13,8202.68,7,1346.91,1
180,1447.87,0.24,5418.57,5,1425.94,1
181,1111.08,0.04,13051.24,12,1132.92,1
182,761.4,0.24,3413.08,5,898.18,0
183,1600.02,0.04,9211.87,5,1919.14,1
184,1374.56,0.38,3810.15,5,1229.08,0
185,1104.15,0.29,3420.5,4,1204.4,0
186,1362.86,0.32,4407.66,5,1296.37,0
187,1222.46,0.28,4948.93,7,981.93,0
188,1595.59,0.24,3898.44,4,1282.38,0
189,621.07,0.18,1503.72,3,611.27,0
190,1080.84,0.34,2840.11,4,1075.8,0
191,1679.72,0.38,3370.17,4,1358.94,0
192,1368.96,0.2,10593.5,9,1471.32,1
193,1731.78,0.37,6006.72,6,1589.08,0
194,833.46,0.23,3285.71,5,853.43,0
195,1521.66,0.22,10923.82,10,1400.49,1
196,1503.67,0.18,2137.67,2,1303.46,0
197,695.48,0.08,5544.78,9,669.66,1
198,1111.35,0,10915.63,11,992.33,1
199,1168.04,0.1,7461.09,7,1184.3,1
200,714.13,0.2,4019.84,8,628.1,0
201,1117.62,0.15,5719.04,6,1121.38,1
202,1461.95,0.18,5172.52,5,1261.59,1
203,1082.72,0.39,4233.78,6,1156.77,0
204,1272.64,0.14,3616.93,3,1401.91,0
205,1274.81,0.18,7059.48,8,1076.14,1
206,1196.36,0.05,4487.61,4,1180.95,0
207,988.45,0.02,4012.02,5,818.78,0
208,1397.64,0.31,3006.74,3,1452.53,0
209,723.89,0.23,4038.93,8,655.67,0
210,1202.58,0.3,5106.65,6,1215.87,0
211,1615.65,0.06,16822.46,11,1626.93,1
212,1065.79,0.23,6719.71,7,1246.7,1
213,981.8,0.1,9009.72,10,1001.08,1
214,1417.65,0.09,11996.06,9,1464.72,1
215,1249.03,0,7199.34,6,1199.89,1
216,1423.63,0.05,7976.96,5,1679.36,1
217,1211.55,0.12,5921.87,5,1345.88,1
218,483.51,0.05,4199.1,10,442.01,0
219,1553.97,0.39,1078.44,1,1767.93,0
220,1821.01,0.12,10914.1,7,1771.77,1
221,1585.21,0.05,10223.58,6,1793.61,1
222,200,0.08,1038.82,5,225.83,0
223,1335.33,0.24,5331.32,6,1169.15,1
224,1059.98,0.03,9998.12,9,1145.26,1
225,874.73,0.34,3702.84,7,801.48,0
226,1236.82,0.38,4932.97,7,1136.63,0
227,1155.32,0.1,4775.45,5,1061.21,0
228,1352.6,0.18,4836.82,4,1474.64,0
229,1216.97,0.01,7522.17,7,1085.45,1
230,863.76,0.26,3581.04,7,691.32,0
231,1027.02,0.17,2777.45,3,1115.44,0
232,978.61,0.11,2269.23,3,849.9,0
233,685.06,0.08,3183.27,6,576.68,0
234,788.51,0.26,4700.1,9,705.72,0
235,1136.68,0.17,5388.71,6,1082.07,1
236,1627.13,0.07,11989.19,8,1611.45,1
237,1039.33,0.28,4895.94,8,849.99,0
238,972.77,0.23,4450.1,5,1155.87,0
239,845.61,0.34,3031.68,5,918.69,0
240,1209.16,0.05,9607.21,9,1123.65,1
241,1553.78,0.31,7954.87,8,1441.1,0
242,1800.8,0.27,9012.66,7,1763.73,0
243,1285.62,0.05,8981.09,7,1350.54,1
244,1242,0.28,1535.5,2,1066.32,0
245,1036.96,0.18,5211.52,7,907.93,1
246,1087.03,0.38,3854.29,5,1243.32,0
247,1388.75,0.06,3534.45,3,1253.35,0
248,1105.54,0.26,3894.47,5,1052.56,0
249,1151.32,0.15,4495.82,4,1322.3,0
250,1192.4,0.38,6300.24,8,1270.21,0
251,1022.75,0.13,6667.61,8,957.99,1
252,1177.51,0.38,2351.1,3,1264.03,0
253,594.18,0.36,1228.85,4,480.02,0
254,1364.65,0.11,9303.13,7,1493.28,1
255,1905.53,0.32,5156.11,4,1895.63,0
256,1034.39,0.4,7682.2,11,1163.97,0
257,1312.15,0.1,6978.46,5,1550.77,1
258,1455.47,0.17,8482.73,6,1703.36,1
259,1584.06,0.21,5825.08,4,1843.38,0
260,1120.7,0.12,2973.06,3,1126.16,0
261,659,0.01,4311.36,7,622.13,0
262,1280.17,0.09,4594.66,4,1262.27,0
263,1238.59,0.11,1186.08,1,1332.67,0
264,1096.3,0.18,6222.27,6,1264.69,1
265,1159.95,0.07,6666.24,7,1024,1
266,1243.1,0.35,8488.58,9,1451.04,0
267,1308.53,0.28,6365.52,6,1473.5,0
268,1295.94,0.03,14978.45,10,1544.17,1
269,1134.69,0.26,7739.1,8,1307.28,0
270,1315.28,0.26,4438.15,5,1199.5,0
271,1114.49,0.38,6402.82,11,938.83,0
272,1392.61,0,2353.22,2,1176.61,0
273,1011.77,0.1,5841.86,7,927.28,1
274,1221.92,0.37,4024.85,5,1277.73,0
275,712.88,0.37,2518.93,5,799.66,0
276,1089.03,0.29,5380.17,6,1262.95,0
277,1370.25,0.31,5953.65,6,1438.08,0
278,889.88,0.04,4797.48,7,713.91,0
279,1103.97,0.21,6864.35,9,965.45,1
280,478.48,0.09,2194.21,6,401.87,0
281,789.58,0.07,2082.48,3,746.41,0
282,868.06,0.32,5315.4,9,868.53,0
283,1230.53,0.05,6688.44,7,1005.78,1
284,1300.02,0.19,989.2,1,1221.23,0
285,1183.18,0.38,5754.88,9,1031.34,0
286,1085.22,0.07,4274.5,4,1149.06,0
287,1086.27,0.39,4572.1,7,1070.75,0
288,1414.81,0.4,3389.18,4,1412.16,0
289,1263.85,0.22,4786.47,5,1227.3,0
290,1099.82,0.07,6047.05,5,1300.44,1
291,1587.99,0.13,4895.63,4,1406.79,0
292,1784.99,0.17,7457.09,5,1796.89,1
293,826.28,0.12,4774.65,6,904.29,0
294,1356.75,0.11,8644.75,7,1387.6,1
295,2126.97,0.39,7600.54,5,2491.98,0
296,1284.06,0.06,5740.49,5,1221.38,1
297,1234.63,0.29,4319.25,5,1216.69,0
298,1183.28,0,5931.12,6,988.52,1
299,1347.05,0.24,5341.96,5,1405.78,1
300,1426.47,0.37,6580.38,8,1305.63,0
301,826.57,0.12,2514.2,4,714.26,0
302,1192.05,0.07,7898.45,7,1213.28,1
303,519.15,0.26,3502.23,9,525.86,0
304,1137.21,0.29,6704.39,10,944.28,0
305,929.19,0.28,3610.3,5,1002.86,0
306,1301.75,0.13,11885.94,10,1366.2,1
307,703.09,0.1,1662.2,3,615.63,0
308,1046.3,0.38,3844.66,6,1033.51,0
309,1489.96,0.37,10214,10,1621.27,0
310,997.1,0.18,4136.24,5,1008.84,0
311,628.52,0.34,2384.91,6,602.25,0
312,1277.26,0.18,7783.37,8,1186.49,1
313,1024.04,0.17,6212.4,7,1069.26,1
314,1144.23,0.06,2528.99,2,1345.21,0
315,981.04,0.17,9572.26,11,1048.44,1
316,1792.32,0.21,8225.54,7,1487.44,1
317,732.58,0.01,3569.25,5,721.06,0
318,2050.05,0.18,11663.01,6,2370.53,1
319,1082.81,0.31,3755.64,6,907.16,0
320,1255.03,0.27,2190.66,2,1500.45,0
321,1027.56,0.25,4545.53,5,1212.14,0
322,1015.01,0.36,3780.18,7,843.79,0
323,964.55,0.01,6722.71,6,1131.77,1
324,1380.38,0.22,7124.26,7,1304.81,1
325,776.76,0.31,5488.77,9,883.86,0
326,1309.23,0.22,5927.17,6,1266.49,1
327,544.65,0.13,3701.05,8,531.76,0
328,1282.06,0.05,3850.06,3,1350.9,0
329,1454.74,0.36,6199.53,6,1614.46,0
330,817.64,0.19,1077.56,2,665.16,0
331,1403.62,0.35,946.35,1,1455.92,0
332,1215.42,0.23,1637.2,2,1063.12,0
333,1679.53,0.27,6903.06,6,1576.04,0
334,943.44,0.32,4820.22,8,886.07,0
335,2044.8,0.26,10460.96,7,2019.49,0
336,482.77,0.16,1135.86,3,450.74,0
337,1101.15,0.21,2199.86,3,928.21,0
338,690.43,0.32,2417.64,6,592.56,0
339,1755.32,0.15,3640.71,3,1427.73,0
340,1121.49,0.16,5585.03,6,1108.14,1
341,1148.49,0.04,9120.79,7,1357.26,1
342,1332.97,0.37,1421.34,2,1128.05,0
343,1198.56,0.04,5424.04,4,1412.51,0
344,1021.87,0.26,6614.18,8,1117.26,0
345,823.01,0.17,6486.05,9,868.28,1
346,1250.55,0.16,7780.53,7,1323.22,1
347,1313.65,0.27,4337.16,4,1485.33,0
348,1408.61,0.03,5757.58,5,1187.13,1
349,1773.82,0.24,9454.65,7,1777.19,1
350,547.87,0.31,2039.16,5,591.06,0
351,1179.68,0.33,1635.67,2,1220.65,0
352,1557.52,0.07,4923.9,3,1764.84,0
353,1162.64,0.36,6167.81,10,963.72,0
354,498.55,0.26,2779.48,7,536.58,0
355,812.69,0.35,2141.75,4,823.75,0
356,1298.57,0.19,6005.99,6,1235.8,1
357,1287.66,0.22,8461.84,9,1205.39,1
358,1401.76,0.37,3703.17,4,1469.51,0
359,965.7,0.36,6432.36,9,1116.73,0
360,1277.96,0.18,9416.95,9,1276.01,1
361,916.24,0.11,9213.72,10,1035.25,1
362,1277.99,0.16,8251.96,8,1227.97,1
363,1215.96,0.16,4294.79,5,1022.57,0
364,953.74,0.11,4199.7,6,786.46,0
365,1667.46,0.11,4870.83,4,1368.21,0
366,688.31,0.34,1730.02,4,655.31,0
367,1157.51,0.03,10496.86,10,1082.15,1
368,947.13,0.27,3006.72,4,1029.7,0
369,1750.26,0.07,7143.37,4,1920.26,0
370,1379.52,0.14,6812.71,7,1131.68,1
371,1005.21,0.02,2625.66,3,893.08,0
372,1116.09,0.11,7229.01,8,1015.31,1
373,1758.38,0.31,9891.12,8,1791.87,0
374,916.12,0.35,3575.62,7,785.85,0
375,670.67,0.09,2604.74,5,572.47,0
376,1287.3,0.19,4911.26,4,1515.82,0
377,1294.09,0.19,0,0,1451.56,0
378,1399.81,0.35,3174.6,4,1221,0
379,1401.79,0.31,1862.17,2,1349.4,0
380,1731.21,0.21,5154.69,4,1631.23,0
381,684.56,0.27,4463.16,8,764.24,0
382,839.16,0.34,2780.55,5,842.59,0
383,1398.66,0,9523.68,8,1190.46,1
384,868.31,0.16,4794.65,6,951.32,0
385,763.02,0.36,1872.77,4,731.55,0
386,1759.75,0.3,10035.08,9,1592.87,0
387,714.02,0.22,3175.19,6,678.46,0
388,1094.62,0.21,5183.85,6,1093.64,1
389,1182.19,0.14,3811.52,4,1108,0
390,1592.74,0.21,2256.73,2,1428.31,0
391,639.36,0.26,2723.5,6,613.4,0
392,1324.64,0.17,7991.93,9,1069.87,1
393,932.89,0.29,2203.63,3,1034.57,0
394,1388.28,0.34,1591.33,2,1205.55,0
395,927.96,0.06,2852.56,4,758.66,0
396,1671.69,0.18,10185.4,7,1774.46,1
397,929.71,0.16,3466.11,4,1031.58,0
398,461.41,0.27,1516.44,4,519.33,0
399,963.35,0.1,6918.12,8,960.85,1
400,1121.61,0.26,3660.89,5,989.43,0
401,1524.71,0.35,8680.83,8,1669.39,0
402,822.48,0.17,2948.76,4,888.18,0
403,828.41,0.36,2858.23,6,744.33,0
404,1488.17,0.4,6221.92,6,1728.31,0
405,787.43,0.04,1908.92,3,662.82,0
406,1146.3,0.09,8711.74,7,1367.62,1
407,1152.4,0.38,6539.56,8,1318.46,0
408,1265.27,0.38,9277.72,11,1360.37,0
409,975.05,0.04,8802.59,8,1146.17,1
410,921.9,0.01,2981.52,3,1003.88,0
411,1300.47,0.06,6426.5,6,1139.45,1
412,931.2,0.4,1637.37,3,909.65,0
413,792.01,0.07,3661.93,6,656.26,0
414,1568.34,0.2,10793.66,9,1499.12,1
415,1346.43,0.34,4872.62,5,1476.55,0
416,1730.25,0.01,3270.29,2,1651.66,0
417,1435.19,0.24,8133.64,8,1337.77,1
418,819.56,0.11,6815.07,9,850.82,1
419,1228.91,0.34,4659.17,5,1411.87,0
420,895.31,0.11,4568.4,7,733.29,0
421,704.52,0.27,3435.15,7,672.24,0
422,1065.84,0.27,1343.4,2,920.14,0
423,1494.46,0.09,7331.14,5,1611.24,1
424,1282.47,0.01,2138.82,2,1080.21,0
425,782.73,0.16,6307.53,9,834.33,1
426,1055.3,0.12,8492.35,10,965.04,1
427,1157.14,0.32,4152.54,6,1017.78,0
428,693.27,0.32,3322.22,6,814.27,0
429,1413.95,0.18,12169.88,13,1141.64,1
430,1131.38,0.24,8384.47,10,1103.22,1
431,782.82,0.24,2405.51,5,633.03,0
432,765.85,0.33,4078,8,760.82,0
433,1530.2,0.17,8894.18,7,1530.84,1
434,1085.76,0.11,6281.77,7,1008.31,1
435,1557.11,0.11,5909.6,5,1328,1
436,1671.65,0.21,5021.24,4,1589,0
437,1506.73,0.18,7923.91,6,1610.55,1
438,1039.97,0.18,3796.4,4,1157.44,0
439,450.65,0.04,3065.6,7,456.19,0
440,1293.9,0.29,3806.71,4,1340.39,0
441,1827.47,0.09,8783.07,6,1608.62,1
442,1189.38,0.08,5005.72,5,1088.2,0
443,603.06,0.17,2164.22,5,521.5,0
444,997.54,0.09,2450.18,3,897.5,0
445,1144.88,0.23,3138.18,4,1018.89,0
446,870.6,0.15,7457.64,10,877.37,1
447,430.81,0.18,2896.96,8,441.61,0
448,1170.64,0.21,2178.8,2,1378.99,0
449,964.54,0.08,5455.26,7,847.09,1
450,1731.81,0.06,3440.31,2,1829.95,0
451,1230.31,0.35,5407.12,6,1386.44,0
452,1340.87,0.17,6838.44,6,1373.18,1
453,1164.27,0.16,2646.43,3,1050.17,0
454,1228.12,0.01,3301.07,3,1111.47,0
455,704.31,0.2,5055.69,11,574.51,0
456,887.95,0.22,4470.92,7,818.85,0
457,1526.58,0.22,10457.87,8,1675.94,1
458,1262.84,0.28,5212.72,7,1034.27,0
459,1080.45,0.07,2676,3,959.14,0
460,1345.85,0.1,5244.73,4,1456.87,0
461,1351.76,0.32,4092.48,4,1504.59,0
462,1797.27,0.38,6566.36,6,1765.15,0
463,1248.92,0.05,6402.38,5,1347.87,1
464,881.25,0.2,7407.4,11,841.75,1
465,1165.29,0.09,9161.61,10,1006.77,1
466,1382.27,0.02,6497.2,5,1325.96,1
467,1498.7,0.13,1345.58,1,1546.64,0
468,715.49,0.06,3965.48,5,843.72,0
469,1276.11,0.28,3041.22,4,1055.98,0
470,930.82,0.21,2950.08,4,933.57,0
471,1030.01,0.06,6313.64,7,959.52,1
472,1453.75,0,13127.22,9,1458.58,1
473,1423.87,0.32,3135.48,4,1152.75,0
474,996.55,0.07,5144.87,6,922.02,1
475,1152.65,0.24,5928.59,6,1300.13,1
476,1039.18,0.13,4617.96,5,1061.6,0
477,2067.51,0.23,12484.1,8,2026.64,1
478,1283.51,0.13,6125.15,6,1173.4,1
479,948.16,0.03,3381.65,4,871.56,0
480,1596.65,0.09,9695.08,7,1521.99,1
481,1607.24,0.08,8385.71,5,1822.98,1
482,1737.5,0.17,3423.27,2,2062.21,0
483,1826.4,0.26,2636.74,2,1781.58,0
484,1412.31,0.11,12033.33,10,1352.06,1
485,1095.04,0,12468.3,10,1246.83,1
486,1139.21,0.21,6115.63,7,1105.9,1
487,1112.38,0.24,5178.02,6,1135.53,1
488,1078.87,0.39,3523.7,6,962.76,0
489,1571.98,0.24,7866.41,6,1725.09,1
490,1200.22,0.19,7876.96,8,1215.58,1
491,1491.43,0.23,5161.43,4,1675.79,0
492,1402.95,0.37,2949.33,3,1560.49,0
493,870.4,0.33,3100.14,6,771.18,0
494,684.85,0.13,4530.47,7,743.92,0
495,829,0.09,5914.54,7,928.5,1
496,1071.99,0.11,1790.68,2,1006,0
497,1240.3,0.2,5173.78,6,1077.87,1
498,1005.51,0.3,4510.63,8,805.47,0
499,1410.92,0.2,12172.25,11,1383.21,1
500,1041.69,0.03,7606.35,8,980.2,1
501,1277.09,0.29,8339.84,9,1305.14,0
502,1235.27,0.32,3675.84,5,1081.13,0
503,1720.33,0.12,6926.76,4,1967.83,0
504,907.43,0.27,5982.35,10,819.5,0
505,1862.53,0.17,6883.69,5,1658.72,1
506,1021.7,0.36,1297.69,2,1013.82,0
507,797.98,0.34,4737.8,9,797.61,0
508,1134.93,0.21,6355.33,8,1005.59,1
509,2172.04,0.28,8526.95,6,1973.83,0
510,1468.56,0.35,2485.35,3,1274.54,0
511,1380.89,0.2,3603.74,3,1501.56,0
512,1438.56,0.13,11094.1,8,1593.98,1
513,969.12,0.3,2672.66,4,954.52,0
514,1297.81,0.09,3846.43,3,1408.95,0
515,1200.75,0.16,4415.28,4,1314.07,0
516,1742.72,0.35,5813.22,6,1490.57,0
517,1167.39,0.29,4917,5,1385.07,0
518,1086.52,0.16,7209.12,7,1226.04,1
519,850.56,0.09,6825.18,10,750.02,1
520,1242,0.14,7472.3,8,1086.09,1
521,1287.89,0.11,6822.16,7,1095.05,1
522,839.52,0.07,3339.07,5,718.08,0
523,1335.95,0.3,5139.96,5,1468.56,0
524,1269.95,0.1,6774.46,6,1254.53,1
525,1504.03,0.18,8237.31,6,1674.25,1
526,1563.71,0.15,4380.24,3,1717.74,0
527,1228.28,0.39,5464.23,7,1279.68,0
528,889.09,0.16,3210.04,4,955.37,0
529,950.81,0.03,5212.21,7,767.63,1
530,1728.64,0.04,9207.3,6,1598.49,1
531,1249.65,0.24,7014.63,7,1318.54,1
532,1723.85,0.24,4211.98,4,1385.52,0
533,1349.58,0.17,2732.7,3,1097.47,0
534,1426.12,0.17,5401.14,4,1626.85,0
535,1481.62,0.02,9353.2,6,1590.68,1
536,833.06,0.21,2981.78,5,754.88,0
537,1292.09,0.2,5556.96,5,1389.24,1
538,828.9,0.06,10443.81,12,925.87,1
539,1114.53,0.04,5923.58,6,1028.4,1
540,1392.05,0.05,4308.1,4,1133.71,0
541,892.4,0.04,6030.03,6,1046.88,1
542,1367.8,0.24,5850.89,6,1283.09,1
543,750.49,0.08,5235.94,9,632.36,1
544,1543,0.1,12457.56,9,1537.97,1
545,1000.67,0.07,5152.8,5,1108.13,1
546,891.86,0.38,3439.71,7,792.56,0
547,769.39,0.34,4609.77,10,698.45,0
548,1026.19,0.09,1675.46,2,920.58,0
549,627.72,0.13,3267.59,5,751.17,0
550,1035.48,0.08,4186.69,5,910.15,0
551,1529.85,0.2,6304.24,5,1576.06,1
552,1143.39,0.01,9271.58,7,1337.89,1
553,846.74,0.27,2123.28,4,727.15,0
554,1267.88,0.21,8331.89,7,1506.67,1
555,1241.37,0.36,3746.71,4,1463.56,0
556,1786.98,0.07,15340.31,8,2061.87,1
557,1437.22,0.32,4328.61,5,1273.12,0
558,1291.68,0.32,6478.07,7,1360.94,0
559,1471.52,0.05,7719.13,5,1625.08,1
560,1159.69,0.16,9308.21,8,1385.15,1
561,1177.38,0.07,4774.95,5,1026.87,0
562,1697.68,0.1,5071.49,3,1878.33,0
563,709.33,0.11,4724.76,8,663.59,0
564,1490.38,0.22,12139.92,12,1297,1
565,1166.76,0.16,9492.59,10,1130.07,1
566,1112.55,0.38,2312.56,3,1243.31,0
567,1034.13,0.05,2905.83,3,1019.59,0
568,1246.1,0.39,6943.75,9,1264.8,0
569,1186.94,0.09,9058.33,7,1422.03,1
570,1075.59,0.31,2848.82,4,1032.18,0
571,989.2,0.14,4449.9,5,1034.86,0
572,628.4,0.06,1676.57,3,594.53,0
573,982.86,0.34,2483.47,4,940.71,0
574,1046.31,0.12,4964.04,5,1128.19,0
575,1245.37,0.26,4331.96,4,1463.5,0
576,1788.93,0.23,5603.26,4,1819.24,0
577,1015.21,0.19,7284.82,8,1124.2,1
578,892.88,0.2,4178.5,7,746.16,0
579,985.65,0.29,2475.83,4,871.77,0
580,1246,0.04,5985.89,5,1247.06,1
581,1376.59,0.27,4871.83,6,1112.29,0
582,1418.5,0.36,3272.37,4,1278.27,0
583,1448.31,0.02,4287.67,3,1458.39,0
584,1490.77,0.06,7906.13,7,1201.54,1
585,1116.33,0.29,6461.5,9,1011.19,0
586,1815.94,0.17,13641.19,9,1826.13,1
587,1093.57,0.16,6618.35,7,1125.57,1
588,1232.8,0.05,9594.29,7,1442.75,1
589,1588.75,0.2,9414.27,7,1681.12,1
590,1369.93,0.05,11313.45,9,1323.21,1
591,527.75,0.19,3006.4,6,618.6,0
592,1201.69,0.31,2770.96,3,1338.63,0
593,1458.59,0.1,8086.43,7,1283.56,1
594,796.96,0.19,1100.43,2,679.28,0
595,1425.21,0.4,2745.79,3,1525.44,0
596,1317.05,0.27,4922.39,5,1348.6,0
597,1555.18,0.34,5726.75,5,1735.38,0
598,992.42,0.17,5414.36,6,1087.22,1
599,1498.77,0.31,8687.6,8,1573.84,0
600,1247.88,0.02,7304.23,5,1490.66,1
601,1729.82,0.05,9992.44,6,1753.06,1
602,2035.81,0.08,11081.63,7,1720.75,1
603,1661.5,0.16,0,0,1879.67,0
604,1344.16,0.34,2397.27,3,1210.74,0
605,1896.3,0.14,12681.97,7,2106.64,1
606,1381.04,0.26,4835.31,4,1633.55,0
607,927.62,0.28,5043.23,7,1000.64,0
608,1188.22,0.23,6650.51,7,1233.86,1
609,1428.5,0.14,12090.4,10,1405.86,1
610,1447.79,0.23,3163.01,3,1369.27,0
611,862.42,0.14,2792.28,4,811.71,0
612,871.94,0.03,3567.66,4,919.5,0
613,1097.61,0.4,4348.55,6,1207.93,0
614,1360.36,0.05,12461.62,9,1457.5,1
615,1398.77,0.03,8351.9,7,1230.03,1
616,1242.39,0.35,4028.05,5,1239.4,0
617,949.67,0.12,5599.18,6,1060.45,1
618,1721.08,0.26,6306.1,5,1704.35,0
619,878.38,0.13,4652.32,6,891.25,0
620,1590.7,0.16,8886.63,6,1763.22,1
621,1421.65,0.1,12258.22,9,1513.36,1
622,1584.1,0.14,5251.71,4,1526.66,0
623,1066.67,0.16,7264.03,7,1235.38,1
624,1157.2,0.29,3553.59,5,1001.01,0
625,1216.51,0.2,5830.52,5,1457.63,1
626,1057.08,0.38,3888.29,7,895.92,0
627,1267.58,0.02,6007.24,6,1021.64,1
628,1673.73,0.2,12382.98,8,1934.84,1
629,810.95,0.23,2803.65,5,728.22,0
630,1002.84,0.37,4139.02,6,1094.98,0
631,970.28,0.02,6415.02,6,1090.99,1
632,1171.67,0.23,10317.38,10,1339.92,1
633,1159.34,0.34,4578.12,5,1387.31,0
634,1431.69,0.1,4729.46,4,1313.74,0
635,1210.12,0.35,2558.19,3,1311.89,0
636,1290.86,0.01,6488.08,6,1092.27,1
637,1319.53,0.29,2705.82,3,1270.34,0
638,1273.62,0.37,3656.24,4,1450.89,0
639,1410.99,0.26,3955.45,4,1336.3,0
640,1163.3,0.18,4943.33,5,1205.69,0
641,1693.91,0.02,11637.78,7,1696.47,1
642,1962.49,0.37,3925.64,3,2077.06,0
643,1411.87,0.19,6799.71,5,1678.94,1
644,1268.4,0.01,5162.85,5,1043,1
645,1387.37,0.28,4113.82,4,1428.41,0
646,869.69,0.19,5647.21,7,995.98,1
647,1254.03,0.05,10642.1,9,1244.69,1
648,980.6,0.09,5935.24,8,815.28,1
649,1352.99,0.03,9409.24,7,1385.75,1
650,982.09,0.23,5643.3,8,916.12,1
651,1096.57,0.25,4962.4,7,945.22,0
652,638.41,0.2,2910.16,5,727.54,0
653,848.03,0.33,5730.91,10,855.36,0
654,1306.46,0.34,5058.5,5,1532.88,0
655,939.35,0.25,3162.99,4,1054.33,0
656,1519.13,0.01,8100.13,5,1636.39,1
657,913.83,0.28,2110.75,4,732.9,0
658,1335.98,0.17,10768.5,10,1297.41,1
659,971.44,0.23,3287.48,5,853.89,0
660,1315.64,0.26,3400.64,3,1531.82,0
661,739.56,0.14,2766.15,5,643.29,0
662,1064.05,0.37,3064.92,5,972.99,0
663,946.14,0.05,9048.84,10,952.51,1
664,1464.97,0.27,3872.8,4,1326.3,0
665,1338.68,0,9466.56,8,1183.32,1
666,830.23,0.37,5437.78,10,863.14,0
667,1139.05,0.05,7233.38,8,951.76,1
668,968.3,0.04,6887.55,9,797.17,1
669,1485.08,0.13,6129.98,5,1409.19,1
670,1581.46,0.15,11703.14,8,1721.05,1
671,767.51,0.09,5710,8,784.34,1
672,1448.01,0.23,11886.29,11,1403.34,1
673,953.01,0.18,4812.1,6,978.07,0
674,1124.12,0.01,7370.89,7,1063.62,1
675,1209.68,0.13,12360.26,10,1420.72,1
676,1744.98,0.32,5851.98,6,1434.31,0
677,898.85,0.28,5536.45,8,961.19,0
678,1450.42,0.29,1190.98,1,1677.43,0
679,848.55,0.28,5481.73,8,951.69,0
680,827.82,0.12,2545.66,4,723.2,0
681,1208.54,0.04,8523.96,8,1109.89,1
682,1206.52,0.11,10503.27,9,1311.27,1
683,350.3,0.33,587.02,3,292.05,0
684,1547.88,0.39,0,0,1740.97,0
685,558.27,0.2,2428.6,5,607.15,0
686,1156.22,0,7574.46,6,1262.41,1
687,1598.28,0.06,3786.44,3,1342.71,0
688,1862.76,0.13,5285.28,3,2025.01,0
689,1091.09,0.23,3602.28,4,1169.57,0
690,770.12,0.03,4229.49,5,872.06,0
691,1587.16,0.38,7232.46,9,1296.14,0
692,1459.55,0.15,2007.92,2,1181.13,0
693,1053.3,0.37,3149.37,5,999.8,0
694,1015.28,0.31,1806.39,3,872.65,0
695,984.78,0.3,4938.12,7,1007.78,0
696,1096.62,0.24,2917.69,3,1279.69,0
697,1294.82,0.25,4644.79,5,1238.61,0
698,1030.2,0.26,3470.16,4,1172.35,0
699,1068.13,0.25,3845.74,6,854.61,0
700,1392.38,0.22,7536.42,8,1207.76,1
701,755.28,0.39,1870.93,5,613.42,0
702,1087.22,0.29,5032.03,7,1012.48,0
703,697.22,0.31,2238.53,4,811.06,0
704,1232.52,0.35,3359.88,5,1033.81,0
705,618.18,0.09,3518.92,6,644.49,0
706,1467,0.03,11163.07,8,1438.54,1
707,805.61,0.19,3834.94,5,946.9,0
708,668.23,0.21,2240.95,5,567.33,0
709,1090.92,0.33,4527.07,7,965.26,0
710,1713.33,0.18,5702.73,5,1390.91,1
711,1413.36,0.23,4238.11,4,1376.01,0
712,623.31,0.21,1794.63,4,567.92,0
713,797.06,0.02,2690.07,3,914.99,0
714,1081.32,0.25,5070.2,6,1126.71,0
715,1871.51,0.33,10489.09,8,1956.92,0
716,918.31,0.06,6119.6,7,930.03,1
717,920.73,0.24,4684.09,8,770.41,0
718,1658.23,0.24,12325.38,10,1621.76,1
719,1258.47,0.07,9829.51,7,1509.91,1
720,1515.9,0.05,13065.69,8,1719.17,1
721,981.87,0.39,6932.04,10,1136.4,0
722,1169.51,0.16,4437.62,4,1320.72,0
723,1594.69,0.09,0,0,1341.48,0
724,1156.55,0.07,5749.97,6,1030.46,1
725,1536.92,0.27,7191.73,8,1231.46,0
726,1316.18,0.24,7373.4,8,1212.73,1
727,888.11,0.26,3325.87,6,749.07,0
728,1195.1,0.04,5674.03,5,1182.09,1
729,1494.42,0.36,10241.92,10,1600.3,0
730,1400.82,0.16,8117.78,6,1610.67,1
731,1187.92,0.13,12501.67,11,1306.34,1
732,632.49,0.18,3657.77,6,743.45,0
733,661.2,0.16,4106.74,9,543.22,0
734,725.01,0.35,1896.5,5,583.54,0
735,1046.87,0.37,4914.64,7,1114.43,0
736,1086.86,0.12,2627.54,3,995.28,0
737,757.38,0.35,2218.78,5,682.7,0
738,1506.75,0.31,2908,3,1404.83,0
739,820.87,0.37,1408.58,3,745.28,0
740,788.83,0.1,2852.78,4,792.44,0
741,1226.47,0.23,4608.87,5,1197.11,0
742,1492.17,0.11,12011.72,9,1499.59,1
743,1816.46,0.33,6505.53,5,1941.95,0
744,1374.76,0,11814.21,9,1312.69,1
745,1673.95,0.23,4642.88,4,1507.43,0
746,836.38,0.14,6855.76,11,724.71,1
747,1847.92,0.13,9065.37,6,1736.66,1
748,641.55,0.26,2082.66,4,703.6,0
749,1048.85,0.34,3816.61,5,1156.55,0
750,1368.2,0.24,4437,4,1459.54,0
751,718.43,0.34,1694.88,4,642,0
752,921.88,0.11,9343.18,11,954.36,1
753,874.22,0.21,4971.14,7,898.94,0
754,1106.93,0.18,8117.7,9,1099.96,1
755,1626.47,0,11612.93,7,1658.99,1
756,1205.05,0.22,3747.4,4,1201.09,0
757,1061.08,0.26,3223.03,4,1088.86,0
758,334.7,0.24,2210.38,8,363.55,0
759,1340.03,0.29,2408.58,3,1130.79,0
760,1437,0.23,13386.67,11,1580.48,1
761,689.99,0.03,2859.08,5,589.5,0
762,1179.91,0.05,5559.61,6,975.37,1
763,1257.9,0.24,7966.38,7,1497.44,1
764,1489.38,0.11,7839.25,5,1761.63,1
765,982.57,0.03,7069.64,9,809.81,1
766,937.39,0.17,3041.49,4,916.11,0
767,1063.05,0.22,1450.24,2,929.64,0
768,1585.33,0.13,6855.77,5,1576.04,1
769,1513.15,0.29,14594.67,12,1712.99,0
770,1193.6,0.26,6254.81,6,1408.74,0
771,1505.93,0.13,5522.06,4,1586.8,0
772,489.39,0.3,1612.76,5,460.79,0
773,1437.5,0.26,6646.28,6,1496.91,0
774,864.37,0.25,3597.16,6,799.37,0
775,1730.11,0.22,12565.68,8,2013.73,1
776,880.73,0,8089.76,8,1011.22,1
777,944.17,0.28,4869.45,7,966.16,0
778,1368.73,0.15,8655.11,8,1272.81,1
779,1397.69,0.38,794.95,1,1282.18,0
780,1066.1,0.33,5809.77,10,867.13,0
781,1311.42,0.24,5612.94,5,1477.09,1
782,1348.61,0.1,11896.56,10,1321.84,1
783,1317.93,0.08,2255.36,2,1225.74,0
784,1078.63,0.14,4584.53,5,1066.17,0
785,1351.56,0.19,11109.09,9,1523.88,1
786,1621.91,0.12,3638.9,3,1378.37,0
787,832.35,0.21,3758.15,5,951.43,0
788,947.98,0.07,3065.4,3,1098.71,0
789,1208.18,0.39,4343.38,5,1424.06,0
790,883.13,0.04,4065.22,5,846.92,0
791,658.98,0.37,2209.11,6,584.42,0
792,1527.94,0.37,7311.58,8,1450.71,0
793,531.36,0.21,1175.16,3,495.85,0
794,1079.29,0.29,6003.28,9,939.48,0
795,1427.68,0.17,9886.56,8,1488.94,1
796,1280.01,0.25,5706.18,6,1268.04,0
797,1083.83,0.14,5342.19,5,1242.37,1
798,870.77,0.12,4360.05,7,707.8,0
799,1303.16,0.23,8489.4,8,1378.15,1
800,903.48,0.2,3994.04,5,998.51,0
801,1279.78,0.23,4350.84,4,1412.61,0
802,1242.28,0.11,10210.93,8,1434.12,1
803,1245.31,0.15,2310.98,2,1359.4,0
804,1007.9,0.03,8014.78,7,1180.38,1
805,1810.5,0.02,13244.19,8,1689.31,1
806,1307.46,0.1,10604.03,9,1309.14,1
807,1116.39,0.03,6106.93,7,899.4,1
808,1279.28,0.04,5915.4,6,1026.98,1
809,967.66,0.33,2904.68,5,867.07,0
810,1084.11,0.02,5356.68,6,911,1
811,1917.58,0.26,7697.41,6,1733.65,0
812,969.79,0.11,6012.91,8,844.51,1
813,1176.67,0.35,3102.97,5,954.76,0
814,1063.17,0.19,6012.94,6,1237.23,1
815,888.11,0.12,1255.6,2,713.41,0
816,1326.33,0.21,3440.24,3,1451.58,0
817,1210.94,0.15,5316.5,6,1042.45,1
818,1473.31,0.23,9250.59,7,1716.25,1
819,1443.17,0.05,9518.54,6,1669.92,1
820,1470.21,0.4,8427.89,9,1560.72,0
821,924.54,0.17,4101.15,5,988.23,0
822,1392.29,0.14,5762.74,6,1116.81,1
823,1399.58,0.28,7218.85,6,1671.03,0
824,893.68,0.15,6995.43,8,1028.74,1
825,1104.42,0.33,5141.46,6,1278.97,0
826,763.17,0.18,5325.28,8,811.78,1
827,1400.89,0.29,2798.65,3,1313.92,0
828,1399.51,0.04,7775.42,5,1619.88,1
829,1629.11,0.34,5913.27,6,1493.25,0
830,1131.36,0.29,4117.08,5,1159.74,0
831,1335.44,0.08,12382.8,12,1121.63,1
832,1496.32,0.06,16439.38,10,1748.87,1
833,973.83,0.13,4352.96,6,833.9,0
834,928.21,0.39,2015.61,4,826.07,0
835,983.13,0.1,6337.74,7,1005.99,1
836,1095.21,0.18,4964.69,5,1210.9,0
837,938.83,0.01,8764.32,9,983.65,1
838,996.05,0.16,3735.19,5,889.33,0
839,1464.27,0.23,7219.34,8,1171.97,1
840,1171.1,0.38,3203.07,4,1291.56,0
841,1292.01,0.21,8531.52,7,1542.77,1
842,1034.78,0.33,8571.75,11,1163.06,0
843,1015.09,0.22,2337.5,3,998.93,0
844,1285.67,0.02,8780.66,6,1493.31,1
845,1237.82,0.13,6228.4,6,1193.18,1
846,1433.4,0.23,4458.92,4,1447.7,0
847,1590.48,0.38,6839.54,7,1575.93,0
848,992.58,0.34,5131.05,8,971.79,0
849,1458.36,0.09,13258.71,9,1618.89,1
850,876.06,0.09,5640.25,7,885.44,1
851,1822.13,0.08,9320.74,6,1688.54,1
852,964.11,0.37,3840.45,7,870.85,0
853,1407.19,0.34,4542.12,6,1147,0
854,873.83,0.31,3115.04,5,902.91,0
855,1154.37,0.16,5189.59,6,1029.68,1
856,1663.72,0.2,8005.54,7,1429.56,1
857,954.69,0.19,3283.51,4,1013.43,0
858,1861.26,0.1,1796.55,1,1996.17,0
859,1198.42,0.2,6332.59,6,1319.29,1
860,1492.71,0.01,14799.02,10,1494.85,1
861,1320.88,0.05,11621.01,8,1529.08,1
862,1337.11,0.35,4083.27,4,1570.49,0
863,772.17,0.3,1820.93,3,867.11,0
864,1058.14,0.17,925.89,1,1115.53,0
865,1558.79,0.21,5673.82,5,1436.41,1
866,1096.7,0.15,6673.66,6,1308.56,1
867,1241.65,0.3,3953.14,5,1129.47,0
868,735.77,0.31,3578.4,8,648.26,0
869,1038.73,0.31,3500.71,5,1014.7,0
870,1536.91,0.29,4488.87,5,1264.47,0
871,815.21,0.08,4467.7,5,971.24,0
872,1415.12,0.14,7560.33,6,1465.18,1
873,1253.33,0.19,6229.94,6,1281.88,1
874,1129.21,0.13,9392.71,9,1199.58,1
875,1116.02,0.3,6242.26,8,1114.69,0
876,1052.69,0.13,4466.49,6,855.65,0
877,1079.41,0.06,3180.68,3,1127.9,0
878,1478.92,0.16,9447.98,7,1606.8,1
879,1070.39,0.39,3155.99,5,1034.75,0
880,1742.28,0.09,10491.88,6,1921.59,1
881,1289.86,0.24,6112.73,7,1149.01,1
882,1027.12,0.17,2272.4,3,912.61,0
883,1492.01,0.03,13763.66,11,1289.94,1
884,1387.17,0.2,1052.91,1,1316.14,0
885,703.75,0.28,4039.21,7,801.43,0
886,889.66,0.21,2385.05,3,1006.35,0
887,1165.37,0.35,5053.91,7,1110.75,0
888,724.92,0.12,5946.02,9,750.76,1
889,1827.16,0.03,3857.79,2,1988.55,0
890,1446.67,0.37,4902.32,6,1296.91,0
891,1196,0.15,4408.27,5,1037.24,0
892,1097.19,0.23,3013.12,3,1304.38,0
893,1020.1,0.32,4357.73,6,1068.07,0
894,610.79,0.13,2534.87,4,728.41,0
895,680.14,0.29,2709.36,6,636,0
896,1770.34,0.05,12728.83,7,1914.11,1
897,1672.08,0.12,9157.15,7,1486.55,1
898,1027.27,0.06,2620.2,3,929.15,0
899,1472.4,0.32,6035.99,6,1479.41,0
900,1351.93,0.09,5707.43,5,1254.38,1
901,1387.29,0.29,6832.19,8,1202.85,0
902,772.45,0.38,4768.41,11,699.18,0
903,657.55,0.21,2114.99,5,535.44,0
904,1554.78,0.22,2623.78,2,1681.91,0
905,606.21,0.18,3468.68,7,604.3,0
906,1155.54,0.13,6737.21,8,967.99,1
907,1089.69,0.19,3833.69,5,946.59,0
908,1061.95,0.24,6108.87,9,893.11,1
909,1294.34,0.39,6600.83,8,1352.63,0
910,996.72,0.38,3105.98,6,834.94,0
911,1318.72,0.34,6712.17,7,1452.85,0
912,1242.35,0.36,4498.23,7,1004.07,0
913,1829.62,0.19,6667.11,5,1646.2,1
914,784.38,0.26,2684.57,4,906.95,0
915,1208.78,0.36,5047.45,6,1314.44,0
916,1329.4,0.16,6481.64,7,1102.32,1
917,1123.08,0.38,3143,4,1267.34,0
918,798.88,0.17,3967.32,6,796.65,0
919,1577.13,0.24,6824.42,5,1795.9,1
920,1301.08,0.28,6821.69,7,1353.51,0
921,819.93,0.38,4362.67,8,879.57,0
922,1331.6,0.1,4305.04,3,1594.46,0
923,1710.47,0.3,6414.83,6,1527.34,0
924,1189.11,0.21,9859.67,10,1248.06,1
925,1199.34,0.11,5252.34,5,1180.3,1
926,1670.4,0.31,4701.25,5,1362.68,0
927,908.88,0.22,3998.69,7,732.36,0
928,1718.27,0.26,6467.13,6,1456.56,0
929,1491.87,0.13,11002.65,8,1580.84,1
930,922.73,0.19,2302.47,3,947.52,0
931,999.52,0.25,3828.3,5,1020.88,0
932,1042.56,0.16,6405.81,9,847.33,1
933,649.93,0.08,3543.56,6,641.95,0
934,1278.14,0.38,10197.47,11,1495.23,0
935,936.32,0.2,3591.88,5,897.97,0
936,1288.97,0.29,6726.3,7,1353.38,0
937,812.72,0.16,3795.5,5,903.69,0
938,1476.9,0.14,5657.53,4,1644.63,0
939,1421.29,0.16,1203.09,1,1432.25,0
940,988.24,0.16,9489.82,10,1129.74,1
941,1307.89,0.22,6830.79,7,1251.06,1
942,1224.88,0.22,2207.9,2,1415.32,0
943,1644.69,0.2,7074.19,6,1473.79,1
944,890.26,0.05,4628.34,6,811.99,0
945,1154.31,0.2,5308.69,7,947.98,1
946,1007.79,0.07,4192.22,4,1126.94,0
947,1213.45,0.05,6687.18,6,1173.19,1
948,1359.98,0.37,3055.8,4,1212.62,0
949,1004.46,0.24,3407.46,5,896.7,0
950,1090.77,0.26,4683.83,5,1265.9,0
951,1489.81,0.16,11348.74,8,1688.8,1
952,1607.2,0.36,4202.52,4,1641.61,0
953,1348.05,0.26,5219.44,5,1410.66,0
954,1158.61,0.31,6329.84,8,1146.71,0
955,1130.07,0.15,5513.61,6,1081.1,1
956,1364.44,0.38,4932.72,5,1591.2,0
957,1268.33,0.33,3612.61,5,1078.39,0
958,705.31,0.34,4052.86,9,682.3,0
959,1371.72,0.07,9571.04,8,1286.43,1
960,941.83,0.11,6700.85,8,941.13,1
961,774.92,0.11,2711.97,4,761.79,0
962,699.5,0.11,5645.37,9,704.79,1
963,1135.17,0.34,2565.21,4,971.67,0
964,895.04,0.01,6235.2,7,899.74,1
965,502.09,0.03,1747.4,4,450.36,0
966,1092.46,0.11,3398.09,4,954.52,0
967,1052.83,0.08,8000.04,10,869.57,1
968,1155.03,0.09,9292.05,8,1276.38,1
969,1011.33,0.32,4006.48,6,981.98,0
970,1748.8,0.23,8488.74,6,1837.39,1
971,1355.2,0,7392.85,5,1478.57,1
972,1050.12,0.17,4670.58,5,1125.44,0
973,1180.91,0.16,3921.05,4,1166.98,0
974,1624.39,0.05,10317.81,7,1551.55,1
975,1486.99,0.27,3094.93,3,1413.21,0
976,781.14,0.28,4157.5,7,824.9,0
977,907.71,0.29,4501.93,7,905.82,0
978,965.45,0.29,6249.59,8,1100.28,0
979,1068.09,0,13509.98,11,1228.18,1
980,1021.37,0.38,3298.82,6,886.78,0
981,1210.2,0.33,2078.56,3,1034.11,0
982,1420.72,0.36,7653.53,8,1494.83,0
983,1470.8,0.01,4020.96,3,1353.86,0
984,1101.96,0.37,5605.42,10,889.75,0
985,709.59,0.32,3345.19,6,819.9,0
986,887.88,0.33,3709.27,7,790.89,0
987,1044.07,0.04,3523.25,3,1223.35,0
988,826.49,0.3,2515.44,4,898.37,0
989,1542.26,0.38,6339.96,6,1704.29,0
990,846.14,0.27,3263.54,6,745.1,0
991,1385.12,0.23,5718.87,6,1237.85,1
992,695.44,0.38,2609.06,6,701.36,0
993,1397.16,0.18,6967.84,7,1213.91,1
994,1158.22,0.24,5682.19,7,1068.08,1
995,1653.76,0.19,3731.65,3,1535.66,0
996,860.53,0.37,1404.97,3,743.37,0
997,1030.77,0.03,2645.8,3,909.21,0
998,1088.87,0.2,6801.48,7,1214.55,1
999,1154.25,0.27,4382.58,6,1000.59,0
1000,1096.21,0.32,2419.3,4,889.45,0
